{
    "9462882": {
        "name": "Bhawani",
        "email": "bhawani@gmail.com",
        "phone no": "9876543210",
        "password": "a1B2cxd@#$",
        "dob": "21-02-2000",
        "balance": 3000.0,
        "account_no": "9462882"
    },
    "4307637": {
        "name": " Aman",
        "email": "aman@gmail.com",
        "phone no": "9876543211",
        "password": "qwER@123#ED",
        "dob": "12-03-2002",
        "balance": 0,
        "account_no": "4307637"
    },
    "7915619": {
        "name": "Suren",
        "email": "suren@gmail.com",
        "phone no": "9876543212",
        "password": "@#$%RFGHHY&",
        "dob": "11-01-2003",
        "balance": 5000.0,
        "account_no": "7915619"
    }
}
